Entity,Code,Day,Training dataset size,Domain
(ensemble): AWD-LSTM-DOC (fin) × 5 (WT2),,2018-08-30,2000000,Language
2-layer-LSTM+Deep-Gradient-Compression,,2017-12-05,929000,Language
3D city reconstruction,,2009-09-29,,Other
4 layer QRNN (h=2500),,2018-03-22,103000000,Language
6-Act Tether,,2021-08-03,,Robotics
6-layer MLP (MNIST),,2010-03-01,60000,Vision
A3C FF hs,,2016-02-04,,Games
ADALINE,,1960-06-30,100,Vision
ADAM (CIFAR-10),,2014-12-22,,Vision
ADAPTIVE NLPM,,2008-12-08,14000000,Language
ADM,,2021-05-11,1281167,Image generation
AFM-on-device,,2024-07-29,7588000000000,Language
AFM-server,,2024-07-29,7400000000000,Language
ALBERT,,2019-09-26,3300000000,Language
ALBERT-xxlarge,,2020-02-09,3300000000,Language
ALIGN,,2021-06-11,1600000000,Multiple domains
ALLaM 34B,,2024-05-21,5200000000000,Language
ALLaM 7B,,2024-05-21,1200000000000,Language
ALLaM adapted13B
,,2024-05-21,1200000000000,Language
ALLaM adapted 70B,,2024-05-21,600000000000,Language
ALM 1.0,,2022-11-28,,Language
ALVINN,,1989-12-01,1200,Other
AMDIM,,2019-06-03,,Multiple domains
ANN Eye Tracker,,1993-11-29,2000,Vision
AR-LDM,,2022-11-20,,Image generation
ASE+ACE,,1983-09-01,500000,Robotics
ATLAS,,2020-05-02,,Language
AWD-LSTM,,2017-07-18,,Language
AWD-LSTM + MoS + Partial Shuffled,,2019-06-10,2000000,Language
AWD-LSTM - 3-layer LSTM (tied) + continuous cache pointer (WT2),,2017-08-07,2000000,Language
AWD-LSTM+WT+Cache+IOG (WT2),,2017-09-26,2000000,Language
AWD-LSTM-DRILL + dynamic evaluation† (WT2),,2019-05-14,,Language
"AWD-LSTM-MoS + dynamic evaluation (WT2, 2017)",,2017-11-10,2000000,Language
"AWD-LSTM-MoS + dynamic evaluation (WT2, 2018)",,2018-09-18,,Language
AWD-LSTM-MoS+PDR + dynamic evaluation (WT2),,2018-08-14,,Language
AbLang (heavy sequences),,2022-01-22,2290000001,Biology
AdaBoost.M2 Digit Recognition,,1996-07-03,9709,Vision
AdaRNN,,2014-06-01,6248,Language
Adaptive Input Transformer + RD,,2021-06-28,,Language
Adaptive Inputs + LayerDrop,,2019-09-25,,Language
Adaptive Subgrad,,2011-10-03,,Language
Advantage Learning,,2015-12-15,,Games
Adversarial Joint Adaptation Network (ResNet),,2017-08-17,4652,Vision
Agent57,,2020-03-30,,Games
Agile Soccer Robot,,2023-04-26,,Robotics
AlexNet,,2012-09-30,1200000,Vision
AlexaTM 20B,,2022-08-02,1319000000000,Language
AlphaCode,,2022-02-02,,Language
AlphaFold,,2020-01-15,300000000,Biology
AlphaFold 2,,2020-11-30,530000,Biology
AlphaFold-Multimer,,2021-10-04,147328,Biology
AlphaGeometry,,2024-01-17,,Other
AlphaGo Fan,,2015-10-01,,Games
AlphaGo Lee,,2016-01-27,29400000,Games
AlphaGo Master,,2017-10-19,,Games
AlphaGo Zero,,2017-10-18,5800000000,Games
AlphaMissense,,2023-09-22,9000000,Biology
AlphaProteo,,2024-09-05,,Biology
AlphaStar,,2019-10-30,,Games
AlphaX-1,,2019-10-02,1480000,Vision
AlphaZero,,2017-12-05,700000,Games
AltCLIP_M9,,2022-11-12,,Multiple domains
Amazon Nova Pro,,2024-12-03,,Multiple domains
Amazon Titan,,2023-09-28,4000000000000,Multiple domains
AmoebaNet-A (F=190),,2018-02-05,,Vision
AmoebaNet-A (F=448),,2018-02-05,1280000,Vision
AndesGPT,,2023-11-16,,Language
Ankh_large,,2023-01-16,14000000000,Biology
Aramco Metabrain AI,,2024-03-04,7000000000000,Language
AudioGen,,2023-03-05,230400000000,Other
AudioLM,,2023-07-26,820800000,Other
Aya,,2024-02-12,,Language
BART-large,,2019-10-29,,Language
BASIC-L,,2021-11-19,6700000000,Vision
BASIC-L + Lion,,2023-02-13,,Vision
BEIT-3,,2022-08-22,,Multiple domains
BERT-Large,,2018-10-11,3300000000,Language
BERT-Large-CAS (PTB+WT2+WT103),,2019-04-20,1300000000,Language
BERT-RBP,,2022-04-07,78000001,Biology
BIDAF,,2016-11-05,47160000,Language
BLIP-2 (Q-Former),,2023-01-30,,Multiple domains
BLOOM-176B,,2022-07-11,379000000000,Language
BLOOMZ-176B,,2022-11-03,20000000000,Language
BLSTM for handwriting (1),,2007-09-23,,Vision
BLSTM for handwriting (2),,2007-12-03,,Vision
BLUUMI,,2023-11-03,38000000000,Language
BOXES,,1968-07-01,,Games
BPE,,2015-08-31,37500000,Language
BPL,,2015-12-11,,Image generation
Back-propagation,,1986-10-01,144,Other
Bankruptcy-NN,,1990-06-17,370,Other
Base LM + kNN LM + Continuous Cache,,2019-11-01,103000000,Language
BatchNorm,,2015-06-15,,Vision
Bayesian automated hyperparameter tuning,,2012-12-02,,Other
BellKor 2007,,2009-09-21,100480507,Other
BellKor 2008,,2009-08-01,100480507,Other
BellKor 2009,,2009-08-01,100480507,Other
BiLSTM for Speech,,2005-08-01,36960,Speech
Bidirectional RNN,,1997-11-01,73920,Speech
Big Transfer (BiT-L),,2019-12-24,,Vision
Big Transformer for Back-Translation,,2018-08-28,3390000000,Language
Big-Little Net,,2018-07-10,1280000,Vision
Big-Little Net (speech),,2018-07-10,27360000,Speech
BigBiGAN,,2019-07-04,,Multiple domains
BigChaos 2008,,2008-11-25,100480507,Other
BigChaos OptiBlend,,2009-08-01,100480507,Other
BigGAN-deep 512x512,,2018-09-28,292000000,Image generation
BigSSL,,2021-01-10,42626880000,Speech
Binarized Neural Network (MNIST),,2016-03-17,60000,Vision
BlenderBot 3,,2022-08-10,1300000000,Language
BloombergGPT,,2023-03-30,532000000000,Language
Boosting,,1992-11-30,9709,Vision
Boss (DARPA Urban Challenge),,2008-07-23,,Other
ByT5-XXL,,2021-05-28,,Language
CHAI-1,,2024-10-15,,Biology
CICERO,,2022-11-22,,Games
CLIP (ResNet-50),,2021-01-05,400000000,Multiple domains
CLIP (ViT L/14@336px),,2021-01-05,400000000,Multiple domains
CNN Best Practices,,2003-08-06,50000,Vision
CODEFUSION (Python),,2023-10-26,4390400,Language
CPC v2,,2019-05-22,,Multiple domains
CPM-Large,,2020-12-01,16700000000,Language
CRF-RNN,,2015-02-11,,Vision
CT-MoS (WT2),,2020-12-25,2000000,Language
CTC-Trained LSTM,,2006-06-25,41620,Speech
CTM (CIFAR-10),,2023-10-01,60000,Image generation
CURL,,2020-04-08,,Games
CaLM,,2022-12-19,2304000000,Biology
Cambrian-1-34B,,2024-06-24,,Multiple domains
CamemBERT,,2019-11-10,31900000000,Language
Cancer drug mechanism prediction,,1992-10-16,,Other
CapsNet (MNIST),,2017-10-26,60000,Vision
CapsNet (MultiMNIST),,2017-10-26,,Vision
Cascaded LNet-ANet,,2014-11-28,,Vision
Ceramic-MLP,,1994-01-07,80,Other
Char-CNN-BiLSTM,,2019-06-13,,Language
Character-enriched word2vec,,2016-07-15,,Language
ChatGLM3-6B,,2023-10-27,1400000000000,Multiple domains
Chinchilla,,2022-03-29,1050000000000,Language
Chinese - English translation,,2018-03-01,,Language
Claude,,2023-03-14,,Language
Claude 2,,2023-07-11,,Language
Claude 2.1,,2023-11-21,,Language
Claude 3 Opus,,2024-03-04,,Multiple domains
Claude 3 Sonnet,,2024-03-04,,Multiple domains
Claude 3.5 Sonnet,,2024-06-20,,Multiple domains
Claude 3.7 Sonnet,,2025-02-24,,Multiple domains
CoAtNet,,2021-06-09,3000000000,Vision
CoCa,,2022-06-14,4800000000,Vision
CoEdiT-xxl,,2023-05-17,3000000,Language
CoRe,,2023-12-29,,Multiple domains
CodeT5+,,2023-05-20,,Language
CodeT5-base,,2021-11-01,,Language
CodeT5-large,,2022-07-05,10500000000,Language
Codex,,2021-07-07,31800000000,Language
CogAgent,,2023-12-14,287000000,Multiple domains
CogVLM-17B,,2023-11-06,1518534581,Multiple domains
CogVideo,,2022-05-29,5400000,Other
CogView,,2021-05-26,50000000000,Image generation
Cognitron,,1975-09-01,5,Other
Cohere Embed,,2023-11-02,,Language
Computer-Using Agent (CUA),,2025-01-23,,Multiple domains
Conformer,,2020-05-16,,Speech
Conformer + Wav2vec 2.0 + Noisy Student,,2020-10-20,,Speech
Constituency-Tree LSTM,,2015-02-28,,Language
Context-dependent RNN,,2012-07-27,,Language
ContextNet,,2020-05-07,1710000000,Speech
ContextNet + Noisy Student,,2020-01-19,,Speech
Contriever,,2021-12-16,,Language
Conv-DBN,,2009-06-14,,Vision
ConvNet similarity metric,,2005-06-20,140000,Vision
ConvS2S (ensemble of 8 models),,2017-07-25,46600000,Language
Convolutional Pose Machines,,2016-01-30,,Vision
Cross-Lingual POS Tagger,,2011-06-19,,Language
Cross-lingual alignment,,2019-04-04,,Language
Cutout-regularized net,,2017-08-15,,Vision
DALL-E,,2021-01-05,250000000,Image generation
DALL·E 2,,2022-04-06,650000000,Image generation
DALL·E 3,,2023-10-19,,Image generation
DANet,,2019-04-21,,Vision
DARTS,,2018-06-24,2000000,Language
DBLSTM,,2013-12-08,,Speech
DBRX,,2024-03-27,9000000000000,Language
DCN+,,2017-10-31,107785,Language
DD-PPO,,2019-12-19,,Robotics
DDPM-IP (CelebA),,2023-01-27,203000,Image generation
DETR,,2020-05-26,123000,Vision
DINOv2,,2023-04-14,142000000,Vision
DITTO,,2022-06-06,103000000,Language
DLRM-2020,,2019-05-31,,Other
DMN,,2016-06-20,,Language
DNABERT,,2021-08-15,3000000000,Biology
DOT(S)-RNN,,2013-12-20,,Language
DQN,,2013-12-19,,Games
DQN-2015,,2015-02-25,50000000,Games
DeBERTa,,2021-06-10,15600000000,Language
DeBERTaV3large + KEAR,,2022-05-04,,Language
DeLighT,,2020-08-03,103000000,Language
DeViSE,,2013-12-05,5400000000,Vision
Decision tree (classification),,2001-12-08,14460,Vision
Decision tree adaline,,1969-05-01,80,Other
Deconvolutional Network,,2010-06-13,,Vision
Decoupled weight decay regularization,,2019-01-04,50000,Vision
Deep Autoencoders,,2011-04-29,1600000,Vision
Deep Belief Nets,,2006-07-18,60000,Vision
Deep Blue,,1997-05-01,,Games
Deep Boltzmann Machines,,2009-04-16,,Other
Deep Deterministic Policy Gradients,,2015-09-09,,Robotics
Deep LSTM video classifier,,2015-05-01,,Other
Deep Multitask NLP Network,,2008-07-05,633000000,Language
Deep rectifier networks,,2011-04-13,,Vision
DeepFace,,2014-06-23,,Vision
DeepL LLM,,2024-07-16,,Language
DeepLab,,2014-12-22,,Vision
DeepLab (2017),,2017-04-27,,Vision
DeepLabV3,,2017-06-17,,Vision
DeepLabV3+,,2018-02-07,,Vision
DeepNash,,2022-12-01,,Games
DeepNet,,2022-03-01,12000000000,Language
DeepSeek-Coder-V2 236B,,2024-06-17,3191000000000,Language
DeepSeek-R1,,2025-01-20,,Language
DeepSeek-V2.5,,2024-09-06,,Language
DeepSeek-V3,,2024-12-24,14800000000000,Language
DeepSpeech2 (English),,2015-12-08,163339200,Speech
DeepStack,,2017-01-06,10000000,Games
Deeply-recursive ConvNet,,2016-11-11,,Multiple domains
Deeply-supervised nets,,2014-09-18,870000,Vision
DeiT-B,,2021-01-15,1280000,Vision
Denoising Autoencoders,,2008-07-05,,Other
Denoising Diffusion Probabilistic Models (LSUN Bedroom),,2021-06-11,3033042,Vision
DenseNet-264,,2016-08-25,,Vision
DensePhrases,,2020-12-23,58000000,Language
Detic,,2022-01-07,16900000,Vision
DiT-XL/2,,2023-03-02,,Image generation
DiT-XL/2 + CADS,,2023-10-26,,Image generation
DiT-XL/2 + Discriminator Guidance,,2022-11-28,,Image generation
Diabetic Retinopathy Detection Net,,2016-12-13,,Vision
DiffDock,,2022-10-04,17000,Biology
Differentiable neural computer,,2016-10-12,,Language
Diffractive Deep Neural Network,,2018-04-14,55000,Vision
Diffusion-GAN,,2022-06-05,,Image generation
Dimensionality Reduction,,2006-07-18,70000,Vision
Diplodocus,,2022-10-11,,Games
Discriminator Guidance,,2022-11-28,,Image generation
DistBelief NNLM,,2013-01-16,6000000000,Language
DistBelief Speech,,2012-12-03,1100000000,Speech
DistBelief Vision,,2012-12-03,16000000,Vision
DistilBERT,,2019-10-02,,Language
Distributed representation NN,,1986-08-15,100,Other
DnCNN,,2017-02-01,,Multiple domains
Domain Adaptation,,2011-11-06,4652,Vision
Doubao-1.5-pro,,2025-01-22,9000000000000,Language
Doubao-pro,,2024-10-28,8350000000000,Language
DrLIM,,2006-06-17,217470,Other
DreamerV3,,2023-01-10,100000000,Multiple domains
Dropout (CIFAR),,2012-06-03,60000,Vision
Dropout (ImageNet),,2012-06-03,1000000,Vision
Dropout (MNIST),,2012-06-03,60000,Vision
Dropout (TIMIT),,2012-06-03,41620,Speech
Dropout-LSTM+Noise(Bernoulli) (WT2),,2018-05-03,2000000,Language
EDSR,,2017-06-10,,Multiple domains
EI-REHN-1000D,,2017-08-14,929000,Language
ELECTRA,,2020-03-23,25000000000,Language
ELMo,,2018-02-01,,Language
EMDR,,2021-06-09,171600000000,Language
ENAS,,2018-02-09,929000,Language
EN^2AS with performance reward,,2019-07-22,,Language
ERNIE 3.0,,2021-07-05,668000000000,Language
ERNIE 3.0 Titan,,2021-12-23,668000000000,Language
ERNIE 3.5,,2023-06-27,,Language
ERNIE 4.0,,2023-10-17,,Multiple domains
ERNIE 4.5 (文心大模型4.5),,2025-03-16,,Multiple domains
ERNIE-Doc (247M),,2020-12-31,,Language
ERNIE-GEN (large),,2020-08-06,86000000000,Language
ERNIE-ViLG,,2021-12-31,145000000,Multiple domains
ESM1b,,2020-12-15,,Biology
ESM2-15B,,2022-07-21,12000000000,Biology
ESM3 (98B),,2024-06-25,771000000000,Biology
ESRGAN,,2018-09-01,,Multiple domains
EVA-01,,2022-11-14,29600000,Vision
EXAONE 3.5 32B,,2024-12-09,6500000000000,Language
EXAONE Deep 32B,,2025-03-16,12000000000,Language
Eagle 2,,2025-01-20,,Multiple domains
EfficientDet,,2020-07-27,,Vision
EfficientNet-L2,,2019-05-28,,Vision
EfficientNetV2-XL,,2021-06-23,14180000,Vision
EfficientZero,,2021-10-30,,Games
Elastic weight consolidation,,2016-12-02,,Multiple domains
Empirical evaluation of deep architectures,,2007-06-01,,Other
EnCodec,,2022-10-24,,Other
Enhanced Neighborhood-Based Filtering,,2007-10-28,,Other
Error Propagation,,1986-01-03,,Other
Eurus-2-7B-PRIME,,2025-02-03,319700000,Other
Eve,,2021-10-27,,Biology
FAIRSEQ Adaptive Inputs,,2019-04-01,103000000,Language
FAST,,2006-05-07,,Other
FLAN 137B,,2021-09-03,2490000000000,Language
Falcon-180B,,2023-09-06,2625000000000,Language
Falcon-40B,,2023-03-15,1000000000000,Language
Fast R-CNN,,2015-04-30,,Vision
Faster R-CNN,,2015-06-04,,Vision
Feedback Transformer,,2020-02-21,103000000,Language
Feedforward NN,,2010-05-13,,Vision
Ferret (13B),,2023-10-11,,Multiple domains
FinGPT-13B,,2023-10-07,,Language
Fine-tuned-AWD-LSTM-DOC (fin),,2018-11-12,1044112,Language
Firefly,,2023-03-21,,Image generation
Fisher Kernel GMM,,2007-07-16,30000,Vision
Fisher Vector image classifier,,2013-06-12,,Vision
Fisher-Boost,,2010-09-05,,Vision
FixRes ResNeXt-101 WSL,,2019-06-14,940000000,Vision
Flamingo,,2022-04-29,,Multiple domains
Flan T5-XXL + BLIP-2,,2023-01-30,,Multiple domains
Flan-PaLM 540B,,2022-10-20,,Language
Flan-T5 11B,,2022-10-20,100000000000,Language
Florence,,2021-11-22,900000000,Vision
Fractional Max-Pooling,,2014-12-18,,Vision
Fragment embedding,,2014-06-21,150000,Other
FrameNet role labeling,,2000-09-01,50000,Language
Fraternal dropout + AWD-LSTM 3-layer (WT2),,2017-10-31,2000000,Language
Fugatto 1,,2024-11-25,,Multiple domains
Fully Convolutional Networks,,2014-11-14,,Vision
FunSearch,,2023-12-14,0,Multiple domains
Fusion in Encoder,,2022-11-18,,Language
Fuzzy NN,,1992-09-01,436,Speech
GAN-Advancer,,2016-12-05,,Vision
GANs,,2014-06-10,60000,Image generation
GBERT-Large,,2020-10-21,27287800000,Language
GCNN-14,,2016-12-23,,Language
GGNN,,2023-08-05,,Biology
GL-LWGC-AWD-MoS-LSTM + dynamic evaluation (WT2),,2017-08-29,2000000,Language
GLEE,,1968-07-01,,Games
GLIDE,,2021-12-20,250000000,Image generation
GLM-130B,,2022-08-04,400000000000,Language
GLM-4 (0520),,2024-05-20,10000000000000,Language
GLM-4-Plus,,2024-08-29,,Language
GLaM,,2021-12-13,600000000000,Language
GNMT,,2016-09-26,388960152200,Language
GNoME for crystal discovery,,2023-11-29,69000,Other
GOAT,,2021-07-27,390000000000,Games
GPT-1,,2018-06-01,1000000000,Language
GPT-2 (1.5B),,2019-02-14,10666666666,Language
GPT-3 175B (davinci),,2020-05-28,374000000000,Language
GPT-3.5,,2022-11-28,,Language
GPT-3.5 Turbo,,2022-11-30,,Language
GPT-4,,2023-03-15,4900000000000,Multiple domains
GPT-4 Turbo,,2023-11-06,,Multiple domains
GPT-4.5,,2025-02-27,,Multiple domains
GPT-4V,,2023-09-25,,Multiple domains
GPT-4o,,2024-05-13,,Multiple domains
GPT-4o mini,,2024-07-18,,Multiple domains
GPT-NeoX-20B,,2022-02-09,341173367965,Language
GPU DBNs,,2009-06-15,1000000,Other
GPipe (Amoeba),,2018-11-16,1281167,Vision
GPipe (Transformer),,2018-11-16,20000000000,Language
GR-2,,2024-10-08,,Robotics
GRUs,,2014-06-03,,Language
GSM,,2017-07-30,4000000,Language
GShard (dense),,2020-06-30,346666666666,Language
Galactica,,2022-11-16,106000000000,Multiple domains
Gated HORNN (3rd order),,2016-04-30,,Language
Gato,,2022-05-12,524288000000,Multiple domains
Gemini 1.0 Pro,,2023-12-06,,Multiple domains
Gemini 1.0 Ultra,,2023-12-06,,Multiple domains
Gemini 1.5 Pro,,2024-02-15,,Multiple domains
Gemini 2.0 Pro,,2024-12-11,,Multiple domains
Gemini Nano-1,,2023-12-19,,Multiple domains
Gemini Nano-2,,2023-12-19,,Multiple domains
Gen-1,,2023-02-06,,Other
Gen-2,,2023-03-20,,Other
GenSLM,,2022-10-11,56000000001,Biology
Generative BST,,2021-03-05,56800000000,Language
Genetic algorithm,,1954-07-02,,Multiple domains
German ELECTRA Large,,2020-10-21,36383733333,Language
GloVe (32B),,2014-01-01,42000000000,Language
GloVe (6B),,2014-01-01,6000000000,Language
Go-explore,,2020-04-27,,Games
Goat-7B,,2023-05-23,,Language
Golem,,1992-10-01,1612,Biology
GoogLeNet / InceptionV1,,2014-09-17,1200000,Vision
Gopher (280B),,2021-12-08,300000000000,Language
Gradient Boosting Machine,,2001-10-01,,Other
Graph-based structural reasoning,,1970-09-01,,Vision
GraphCast,,2023-11-14,,Other
Greedy layer-wise DNN training,,2006-12-04,,Other
Grok-1,,2023-11-04,6200000000000,Language
Grok-2,,2024-08-13,,Multiple domains
Grok-3,,2025-02-17,,Multiple domains
GroupLens,,1994-10-22,100000000,Other
HLBL,,2008-12-08,14000000,Language
HMM Word Alignment,,1996-08-05,442316,Language
HOGWILD!,,2011-11-11,,Other
HRA,,2017-06-13,,Games
Hairuo,,2024-08-29,,Language
Hanabi 4 player,,2019-02-01,,Games
Handwritten Digit Recognition System,,1989-11-27,9840,Vision
Heuristic Reinforcement Learning,,1965-10-01,,Robotics
Hierarchical Cognitron,,1984-04-01,5,Other
Hierarchical LM,,2005-01-06,1000000,Language
Hiero,,2005-06-01,171400000,Language
Histograms of Oriented Gradients,,2005-06-25,1805,Vision
Hopfield Networks (2020),,2020-07-16,,Multiple domains
Hopfield network,,1982-04-01,,Other
HuBERT,,2021-07-27,820800000,Speech
Hunyuan Turbo,,2024-09-05,,Language
Hunyuan-Large,,2024-11-06,7000000000000,Language
Hunyuan-TurboS,,2025-03-11,,Language
Hybrid H3-2.7B,,2022-12-28,400000000000,Language
HyenaDNA,,2023-06-27,2945000000,Biology
HyperCLOVA 204B,,2021-09-10,560000000000,Language
HyperNEAT,,2014-03-05,,Games
IBM Model 4,,1999-07-02,800000,Language
IBM-5,,1993-06-15,53358600,Language
IMPALA,,2018-02-05,240000000000,Games
INTELLECT-MATH,,2025-01-17,,Other
ISR network,,1990-10-01,9000,Vision
ISS,,2017-09-15,929000,Language
Image generation,,2013-12-20,60000,Vision
Image-to-image cGAN,,2016-11-21,,Multiple domains
ImageBind,,2023-05-09,,Multiple domains
Imagen,,2022-05-23,860000000,Image generation
Immediate trihead,,2001-07-06,,Language
Inception v3,,2015-12-02,1200000,Vision
Inception-ResNet-V2,,2016-02-23,,Vision
Inceptionv4,,2016-02-23,,Vision
Incoder-6.7B,,2023-04-09,,Language
Infinity,,2024-12-05,,Image generation
Inflated 3D ConvNet,,2017-06-01,,Other
Inflection-2,,2023-11-22,,Language
Inflection-2.5,,2024-03-07,,Language
Innervator,,1989-12-01,4,Other
InstructBLIP,,2023-05-11,,Multiple domains
InstructGPT 1.3B,,2022-01-27,,Language
InstructGPT 175B,,2022-01-27,374000033207,Language
InstructGPT 6B,,2022-01-27,,Language
InternImage,,2022-11-10,427000000,Vision
InternLM,,2023-07-06,1600000000000,Language
Internal functionality of visual invariants,,1979-05-02,,Vision
Invariant CNN,,2004-06-27,24300,Vision
Invariant image recognition,,1989-06-18,,Vision
Iterative Bootstrapping WSD,,1995-06-26,460000000,Language
JFT,,2017-07-10,300000000,Vision
JPMAX,,1994-12-02,1500,Vision
Jais,,2023-08-29,300000000000,Language
Jamba 1.5-Large,,2024-08-22,,Language
Jurassic-1-Jumbo,,2021-08-11,225000000000,Language
KEPLER,,2020-11-23,3300000000,Language
KN-LM,,2007-06-22,31000000000,Language
KataGo,,2019-02-27,241000000,Games
Kimi Explorer,,2024-01-01,,Language
Kimi k1.5,,2025-01-22,,Multiple domains
Kohonen network,,1981-07-25,,Other
LDA,,2003-02-02,,Language
LDM-1.45B,,2021-12-20,400000000,Image generation
LEP-AD,,2023-03-15,1244420,Biology
LIMA,,2023-05-18,750000,Language
LISSOM,,1995-11-27,2000,Vision
LLaMA-65B,,2023-02-24,1340000000000,Language
LLaVA,,2023-04-17,,Multiple domains
LLaVA 1.5,,2023-11-05,1200000,Multiple domains
LLaVA-OV-72B,,2024-08-06,38314782000,Multiple domains
LMICA,,2004-12-01,100000,Vision
LMS,,1960-06-30,6,Multiple domains
LMSI-Palm,,2022-10-20,,Language
LRCN,,2014-11-07,40000,Other
LRSO-GAN,,2017-10-22,,Vision
LSTM,,1997-11-15,1273000,Language
LSTM (2018),,2018-03-04,,Language
"LSTM (Hebbian, Cache, MbPA)",,2018-03-27,175181505,Language
LSTM + dynamic eval,,2017-09-21,,Language
LSTM LM,,2012-09-09,27000000,Language
LSTM with forget gates,,1999-01-02,30000,Language
LSTM+NeuralCache,,2018-09-24,2000000,Language
LSTM-300units,,2012-09-01,,Language
LSTM-Char-Large,,2015-08-26,929000,Language
LTE speaker verification system,,1966-11-01,417,Speech
LTM-1,,2023-06-06,,Language
LUKE,,2020-10-02,3500000000,Language
LaMDA,,2022-02-10,1560000000000,Language
LaNet-L (CIFAR-10),,2019-06-17,60000,Vision
Large regularized LSTM,,2014-09-08,929000,Language
LeNet-5,,1998-11-01,60000,Vision
Learnability theory of language development,,1984-07-01,,Language
Libratus,,2017-08-19,,Games
Linear Decision Functions,,1962-06-01,500,Other
"Listen, Attend and Spell",,2015-08-20,,Speech
Llama 2-70B,,2023-07-18,1500000000000,Language
Llama 2-7B,,2023-07-18,1500000000000,Language
Llama 3-70B,,2024-04-18,15000000000000,Language
Llama 3.1-405B,,2024-07-23,15600000000000,Language
Llama 3.2 11B,,2024-09-24,6000000000,Multiple domains
Llama 3.3 70B,,2024-12-06,15000000000000,Language
Llama 4 Behemoth (preview),,2025-04-05,30000000000000,Multiple domains
Llama Guard,,2023-12-07,4096000,Language
Local Binary Patterns for facial recognition,,2006-12-01,,Vision
LongT5,,2021-12-15,200000000000,Language
M4-50B,,2019-10-11,,Language
M6-T,,2021-03-05,1900000000000,Multiple domains
MADALINE I,,1962-07-01,,Other
MCDNN (MNIST),,2012-02-13,60000,Vision
MEB,,2021-09-04,,Multiple domains
MEGNet (crystal band gap model),,2019-04-10,45901,Other
MEGNet (crystal elasticity model),,2019-04-10,,Other
MEGNet (crystal formation energy model),,2019-04-10,69239,Other
MEGNet (molecule model),,2019-04-10,130462,Other
MLN-ASR,,1988-08-01,1400,Speech
MLP baggage detector,,1989-01-01,40000,Vision
MM1-30B,,2024-03-14,1500000000000,Multiple domains
MMLSTM,,2019-12-05,103000000,Language
MS-CNN,,2016-09-17,,Vision
MSA Transformer,,2021-02-13,9297600000000,Biology
"MSRA (C, PReLU)",,2015-02-06,1280000,Vision
MT-DNN,,2019-01-31,,Language
MUSIC perceptron,,1996-06-03,27000,Vision
MV-RNN,,2012-07-12,,Language
Make-A-Video,,2022-09-29,,Other
Mamba-24M (SC09),,2023-12-01,305280000,Speech
ManiGaussian,,2024-03-13,,Multiple domains
Mask R-CNN,,2017-03-30,,Vision
Masked Autoencoders ViT-H,,2021-11-11,1281167,Vision
Mathstral,,2024-07-16,,Multiple domains
MatrixFac for Recommenders,,2009-08-07,100480507,Other
Max-Margin Markov Networks,,2004-03-01,600,Multiple domains
Maximum Entropy Models for machine translation,,2002-07-06,519523,Language
Maximum compute,,1950-07-02,40,Robotics
Maximum compute,,1957-01-01,6,Other
Maximum compute,,1960-03-30,5000,Vision
Maximum compute,,1987-06-06,1024,Speech
Maximum compute,,1989-11-27,9840,Vision
Maximum compute,,1992-05-01,6300000,Games
Maximum compute,,1994-12-02,600000,Language
Maximum compute,,1997-11-15,1273000,Language
Maximum compute,,2000-11-28,33100000,Language
Maximum compute,,2007-06-22,1800000000000,Language
Maximum compute,,2013-01-16,6000000000,Language
Maximum compute,,2014-12-03,1000000000,Language
Maximum compute,,2016-09-26,388960152200,Language
Maximum compute,,2017-10-18,5800000000,Games
Maximum compute,,2021-09-03,2490000000000,Language
Maximum compute,,2022-06-29,26000000000,Language
Maximum compute,,1959-02-01,,Language
Maximum compute,,2015-10-01,,Games
Maximum compute,,2023-12-06,,Multiple domains
Maximum compute,,2025-02-17,,Multiple domains
Maximum data,,1950-07-02,40,Robotics
Maximum data,,1955-03-01,256,Other
Maximum data,,1959-07-01,53000,Games
Maximum data,,1983-09-01,500000,Robotics
Maximum data,,1992-05-01,6300000,Games
Maximum data,,1993-06-15,53358600,Language
Maximum data,,1994-10-22,100000000,Other
Maximum data,,1995-06-26,460000000,Language
Maximum data,,2007-06-22,1800000000000,Language
Maximum data,,2021-02-13,9297600000000,Biology
Maximum data,,2024-09-19,18000000000000,Language
Maximum data,,2025-04-05,30000000000000,Multiple domains
Maximum parameters,,1950-07-02,40,Robotics
Maximum parameters,,1955-03-01,256,Other
Maximum parameters,,1957-01-01,6,Other
Maximum parameters,,1975-09-01,5,Other
Maximum parameters,,1980-04-01,5,Vision
Maximum parameters,,1993-06-15,53358600,Language
Maximum parameters,,1995-09-01,60000,Vision
Maximum parameters,,2001-12-08,14460,Vision
Maximum parameters,,2007-06-22,1800000000000,Language
Maximum parameters,,2021-01-11,576000000000,Language
Maximum parameters,,2025-04-05,30000000000000,Multiple domains
Maximum parameters,,1959-12-01,,Vision
Maxout Networks,,2013-02-18,,Vision
Med-PaLM 2,,2023-05-16,,Multiple domains
MedBERT,,2021-05-20,,Other
Meena,,2020-01-28,40000000000,Language
MegaScale (Production),,2024-02-23,,Language
MegaSyn,,2022-03-07,,Other
Megatron-BERT,,2019-09-17,46400000000,Language
Megatron-LM (8.3B),,2019-09-17,34800000000,Language
Megatron-Turing NLG 530B,,2021-10-11,270000000000,Language
MemoReader,,2018-10-31,,Language
Mercury,,2025-02-27,,Language
Mesh-TensorFlow Transformer 2.9B (translation),,2018-11-05,1800000000,Language
Mesh-TensorFlow Transformer 4.9B (language),,2018-11-05,6333333333,Language
MetNet,,2020-03-24,,Other
Meta Pseudo Labels,,2021-03-01,130000000,Vision
MetaLM,,2022-06-13,,Multiple domains
MetaMimic,,2018-10-11,,Robotics
Mid-level Features,,2010-06-13,,Vision
Midjourney V1,,2022-02-15,,Image generation
Minerva (540B),,2022-06-29,26000000000,Language
Mistral Large,,2024-02-26,,Language
Mistral Large 2,,2024-07-24,,Language
Mistral OCR,,2025-03-06,,Other
Mitosis,,2013-09-22,1000000,Multiple domains
Mixtral 8x7B,,2023-12-11,,Language
Mixture of linear models,,1994-12-02,7000,Vision
MnasNet-A1 + SSDLite,,2019-05-29,118000,Vision
MnasNet-A3,,2019-05-29,1280000,Vision
Mnemonic Reader,,2017-05-08,107785,Language
MoCo,,2019-11-13,,Multiple domains
MoE-Multi,,2017-01-23,133000000000,Language
MobileNet,,2017-04-17,,Vision
MobileNetV2,,2018-06-18,,Vision
"Mogrifier (d2, MoS2, MC) + dynamic eval",,2019-09-04,,Language
Mogrifier RLSTM (WT2),,2022-11-03,,Language
Monocular Depth Prediction,,2005-12-05,2933137,Vision
Motion-Driven 3D Feature Tracking,,1988-07-01,1500,Other
Movie Gen Video,,2024-10-04,26600000000,Multiple domains
MuZero,,2019-11-19,20000000000,Games
Multi-cell LSTM,,2018-11-15,929000,Language
Multi-scale Dilated CNN,,2015-11-23,,Vision
Multi-task Cascaded CNN,,2016-08-26,,Vision
MultiBand Diffusion,,2023-11-08,,Multiple domains
Multilingual DNN,,2013-05-26,77580000,Speech
Multiresolution CNN,,2014-06-23,50000000,Other
Multiscale deformable part model,,2008-06-23,,Vision
MusicGen,,2023-06-08,,Other
MusicLM,,2023-01-26,,Other
NAS with base 8 and shared embeddings,,2016-11-05,929000,Language
NAS+ESS (156M),,2020-05-06,103000000,Language
NASNet-A,,2017-07-21,,Vision
NASv3 (CIFAR-10),,2016-11-05,50000,Vision
NEAT,,2002-06-01,,Other
NLLB,,2022-07-06,360000000000,Language
NLP from scratch,,2011-11-08,852000000,Language
NMT Transformer 437M,,2019-02-28,,Language
NPLM,,2003-03-15,1000000,Language
NTM,,2014-12-10,,Multiple domains
NVLM-D 72B,,2024-10-22,57016320000,Multiple domains
NVLM-H 72B,,2024-10-22,125829120000,Multiple domains
NVLM-X 72B,,2024-10-22,45875200000,Multiple domains
Named Entity Recognition model,,2016-05-29,204567,Language
Nemotron-3-8B,,2023-11-15,3800000000000,Language
Nemotron-4 340B,,2024-06-14,6750000000000,Language
Neocognitron,,1980-04-01,5,Vision
NetTalk (dictionary),,1987-06-06,1000,Speech
NetTalk (transcription),,1987-06-06,1024,Speech
Netflix Recommender System,,2015-12-01,,Other
Network in Network,,2013-12-16,,Vision
NeuMF (Pinterest),,2017-08-16,,Other
Neural LM,,2000-11-28,33100000,Language
Neuro-Symbolic Concept Learner,,2019-04-26,,Multiple domains
NeuroChess,,1994-12-02,120000,Games
Noisy Student (L2),,2019-11-11,81000000,Vision
NoisyNet-Dueling,,2017-06-30,,Games
Nucleotide Transformer,,2023-01-15,300000000000,Biology
NÜWA,,2021-11-24,,Multiple domains
ONE-PEACE,,2023-05-18,1600000000,Multiple domains
OPT-175B,,2022-05-02,180000000000,Language
OR-WideResNet,,2017-01-07,50000,Vision
Octo-Base,,2024-05-20,,Robotics
OmegaPLM,,2022-07-22,8960000000,Biology
OmniVec,,2023-11-07,,Multiple domains
Once for All,,2020-04-29,,Vision
OntoProtein,,2022-01-23,160000001,Multiple domains
OpenAI Five,,2019-12-13,454321373184,Games
OpenAI Five Rerun,,2019-12-13,53084160000,Games
OpenAI TI7 DOTA 1v1,,2017-08-11,,Games
OpenVLA,,2024-06-13,970000,Multiple domains
Optimized Multi-Scale Edge Detection,,1986-11-01,,Vision
Optimized Single-layer Net,,2011-04-11,,Vision
Oryx 34B,,2024-09-19,,Multiple domains
OverFeat,,2013-12-21,,Vision
PDP model for serial order,,1986-01-05,,Speech
PG-SWGAN,,2019-06-15,,Image generation
PLATO-XL,,2021-09-20,150000000000,Language
PLUG,,2021-04-19,,Language
PNAS-net,,2017-12-02,,Vision
PNASNet-5,,2017-12-02,1280000,Vision
PPLX-70B-Online,,2023-11-29,,Language
PSPNet,,2017-07-21,,Vision
PaLI,,2022-09-14,1600000000,Multiple domains
PaLI-X,,2023-05-29,1400000000,Multiple domains
PaLM (540B),,2022-04-04,585000000000,Language
PaLM 2,,2023-05-10,2700000000000,Language
PaLM-E,,2023-03-06,,Multiple domains
Palmyra X 003,,2024-01-01,,Language
Palmyra X 004,,2024-10-09,,Language
PanGu-Σ,,2023-03-20,246750000000,Language
Pandemonium (morse),,1959-02-01,,Language
Pangu Ultra,,2025-04-10,13200000000000,Language
Pangu-Weather,,2023-07-05,,Other
Paragraph Vector,,2014-05-14,75000,Language
Part-of-sentence tagging model,,2016-05-29,912344,Language
Parti,,2022-06-22,4800000000,Image generation
Pattern recognition and reading by machine,,1959-12-01,,Vision
PeptideBERT,,2023-08-28,21700000000,Biology
Perceiver IO (optical flow),,2020-02-08,,Multiple domains
Perceptron (1960),,1960-03-30,5000,Vision
Perceptron Mark I,,1957-01-01,6,Other
Perceptron for Large Margin Classification,,1999-12-01,60000,Vision
PermuteFormer,,2021-09-06,103000000,Language
Phenaki,,2022-10-05,,Other
Photo-Geometric Autoencoder,,2019-11-25,,Multiple domains
Phrase-based translation,,2003-05-01,20000000,Language
PhraseCond,,2017-10-28,90000,Language
Piecewise linear model,,1973-11-01,314,Vision
PixelCNN,,2016-06-16,,Vision
Pixtral Large,,2024-11-18,,Other
Pluribus,,2019-07-11,,Games
PoE MNIST,,2000-11-28,60000,Vision
PointNet,,2016-12-02,,Other
PointNet++,,2017-06-07,,Other
Pointer Sentinel-LSTM (medium),,2016-09-26,929000,Language
PolyCoder,,2022-02-26,,Language
PolyNet,,2016-11-17,1280000,Vision
Population-based DRL,,2018-07-03,,Games
Pragmatic Theory solution (Netflix 2009),,2009-08-01,100480507,Other
PreTrans-3L-250H,,2013-03-22,,Speech
Predictive Coding NN,,1994-12-02,600000,Language
Print Recognition Logic,,1963-01-01,,Vision
ProBERTa,,2020-09-01,58320000,Biology
ProGen2-xlarge,,2022-06-27,350000000000,Biology
ProgressiveGAN,,2017-10-27,,Vision
Projected GAN,,2021-11-01,3000000,Image generation
ProtBERT-BFD,,2021-05-04,8900000000000,Biology
ProtT5-XL-U50,,2021-05-04,1039138816000,Biology
ProtT5-XXL,,2021-05-04,407000000000,Biology
ProtT5-XXL-BFD,,2021-05-04,,Biology
ProteinBERT,,2022-02-10,32000000001,Biology
ProteinDT,,2023-02-09,197000000,Multiple domains
Prototypical networks,,2017-03-15,,Vision
ProxylessNAS,,2019-02-23,1280000,Vision
PyramidNet,,2017-09-06,50000,Vision
Q-learning,,1989-01-01,,Multiple domains
QRNN,,2018-02-01,103000000,Language
QT-Opt,,2018-06-27,5984870,Multiple domains
QwQ-32B,,2025-03-06,,Language
Qwen-72B,,2023-11-30,3000000000000,Language
Qwen-Audio-Chat,,2023-11-14,,Multiple domains
Qwen-VL,,2023-08-24,1400000000,Multiple domains
Qwen-VL-Max,,2024-01-25,,Multiple domains
Qwen1.5-72B,,2024-02-04,3000000000000,Language
Qwen2-72B,,2024-06-07,7000000000000,Language
Qwen2.5 Instruct (72B),,2024-09-19,18000000000000,Language
Qwen2.5-32B,,2024-09-17,18000000000000,Language
Qwen2.5-72B,,2024-09-19,18000000000000,Language
R-CNN (T-net),,2013-11-11,,Vision
R-FCN,,2016-06-21,94427,Vision
RAAM,,1990-11-01,29,Other
RBM Image Classifier,,2009-04-08,2000000,Vision
RCAN,,2018-07-08,,Multiple domains
RCTM,,2013-10-01,4100000,Language
RDT-1B,,2024-10-10,,Robotics
RETRO-7B,,2022-02-07,419430400000,Language
RNN LM,,2010-09-26,6400000,Language
RNN for 1B words,,2013-12-11,1000000000,Language
RNN+LDA+KN5+cache,,2012-12-01,,Language
RNN+weight noise+dynamic eval,,2013-08-04,929000,Language
RNN-SpeedUp,,2011-05-22,697500,Language
RNN-WER,,2014-06-22,1100000,Speech
RNNsearch-50*,,2014-09-01,348000000,Language
RNTN,,2013-10-01,155063,Language
RT-1,,2022-12-13,,Robotics
RT-2,,2023-07-28,,Robotics
RT-2-X,,2023-10-13,,Robotics
RT-Trajectory,,2023-11-03,,Robotics
Random Decision Forests,,1995-08-14,60000,Other
RankNet,,2005-08-07,3464289,Other
Rational DQN Average,,2021-02-18,,Games
ReALM,,2024-03-29,16300,Language
ReLU (LFW),,2010-06-15,,Vision
ReLU (NORB),,2010-06-15,291600,Vision
ReLU-Speech,,2013-05-26,,Speech
Reading Twice for NLU,,2017-06-08,,Language
Recursive Neural Network,,2011-06-28,833333,Multiple domains
Recursive sentiment autoencoder,,2011-07-01,,Language
RefineNet,,2016-11-20,,Vision
Refined Part Pooling,,2018-01-09,,Vision
Regularized SVD for Collaborative Filtering,,2007-08-12,100480507,Other
Reka Core,,2024-04-15,,Multiple domains
Relational Memory Core,,2018-06-05,,Language
ResNeXt-101 32x48d,,2018-05-02,9525000000,Vision
ResNeXt-101 Billion-scale,,2019-05-02,,Vision
ResNeXt-50,,2016-11-16,,Vision
ResNet-1001,,2016-09-17,,Vision
ResNet-110 (CIFAR-10),,2015-12-10,,Vision
ResNet-152 (ImageNet),,2015-12-10,1280000,Vision
ResNet-152 + ObjectNet,,2019-09-06,50000,Vision
ResNet-200,,2016-09-17,1281167,Vision
ResNet-50 Billion-scale,,2019-05-02,1090000000,Vision
Residual Dense Network,,2018-02-24,,Multiple domains
Restricted Bolzmann machines,,2007-06-20,100480507,Other
RetinaNet-R101,,2017-08-07,135000,Vision
RetinaNet-R50,,2017-08-07,,Vision
Retrieval-Augmented Generator,,2020-05-22,,Language
RoBERTa Large,,2019-07-01,32000000000,Language
RoboCat,,2023-06-20,,Robotics
Robot Parkour,,2023-09-12,,Robotics
Rotation,,2018-03-21,,Multiple domains
Routing Transformer (WT-103),,2020-03-12,,Language
S-Norm,,2017-10-29,2000000000,Language
S4,,2021-10-31,103000000,Language
SACHS,,2005-04-22,5400,Biology
SB-LM,,2007-06-22,1800000000000,Language
SC-NLM,,2014-11-10,600000,Multiple domains
SEER,,2021-07-29,1000000000,Vision
SENet (ImageNet),,2017-09-05,,Vision
SNARC,,1952-01-08,,Robotics
SNM-skip,,2014-12-03,1000000000,Language
SPHINX (Llama 2 13B),,2023-11-13,,Multiple domains
SPIDER2,,2016-10-28,13893600,Biology
SPN-4+KN5,,2014-09-14,,Language
SPPNet,,2014-06-18,1280000,Vision
SRGAN,,2017-05-25,,Multiple domains
SRN-Encoded Grammatical Structures,,1991-09-01,177805,Language
SRU++ Large,,2021-02-24,103000000,Language
SSD,,2015-12-08,115000,Vision
ST-MoE,,2022-02-17,1500000000000,Language
SVD in recommender systems,,2000-07-14,,Other
SVM for face detection,,1997-06-17,50000,Vision
Samuel Neural Checkers,,1959-07-01,53000,Games
Sandwich Transformer,,2019-11-10,700000000,Language
SciBERT,,2019-03-26,3300000000,Language
SeamlessM4T,,2023-12-08,,Multiple domains
Search-Proven Best LSTM,,2015-07-06,929000,Language
"Segatron-XL large, M=384 + HCP",,2022-03-21,103000000,Language
Segment Anything Model,,2023-04-05,1100000000,Vision
Selective Search,,2013-04-02,,Vision
Self Organizing System,,1955-03-01,256,Other
SemExp,,2020-07-02,,Robotics
SemVec,,2013-06-09,,Language
Semantic Hashing,,2008-12-10,310521,Language
Semi-Supervised Embedding for DL,,2008-07-05,,Other
Seq2Seq LSTM,,2014-09-10,652000000,Language
Sequence-based pattern recognition,,1955-03-01,,Vision
SexNet classification,,1990-10-01,80,Vision
SexNet compression,,1990-10-01,90,Vision
Show-1,,2023-09-27,,Other
ShuffleNet v1,,2017-07-03,,Vision
ShuffleNet v2,,2018-06-30,,Vision
Siamese-TDNN,,1993-08-01,7701,Vision
SigLIP 400M,,2023-03-27,6705000000000,Vision
SimCLR,,2020-02-13,,Vision
SimCLRv2,,2020-10-26,1280000,Vision
SimCSE,,2022-05-18,,Language
SimpleNet,,2016-08-22,,Vision
Skywork-13B,,2023-10-30,3180000000000,Language
SmooCT,,2014-07-01,12000000000,Games
Social and content-based classification,,1998-07-01,45000,Other
Sora,,2024-02-15,,Multiple domains
Sora Turbo,,2024-02-15,,Multiple domains
Sparse Energy-Based Model,,2006-12-04,60000,Vision
Sparse Vision Encoding,,2006-11-01,2000,Vision
Sparse all-MLP,,2022-04-14,100000000000,Language
Sparse coding model for V1 receptive fields,,1997-12-01,10,Vision
Sparse digit recognition SVM,,2008-11-19,,Vision
Spatial Pyramid Matching,,2006-06-17,,Vision
Spatially-Sparse CNN,,2014-09-23,,Vision
Spatiotemporal fusion ConvNet,,2016-06-01,97200,Other
Speaker-independent vowel classification,,1989-11-27,4104,Speech
SpecAugment,,2019-04-18,,Language
Spectrally Normalized GAN,,2018-02-16,,Image generation
SqueezeNet,,2016-02-24,,Vision
Stable Diffusion (LDM-KL-8-G),,2022-04-13,400000000,Image generation
Stable Diffusion XL (SDXL),,2023-07-04,,Image generation
Stacked Denoising Autoencoders,,2010-01-03,,Other
Stacked hourglass network,,2016-09-17,,Vision
Stanley (DARPA Grand Challenge 2),,2006-01-01,,Other
StarCoder,,2023-05-09,1000000000000,Language
StarGAN v2,,2019-12-04,,Multiple domains
Statement Curriculum Learning,,2022-03-02,275000000000,Multiple domains
Statistical Shape Constellations,,2003-01-01,,Vision
Statistical continuous speech recognizer,,1976-04-30,12000,Speech
Student of Games,,2021-12-06,,Games
Suno v4,,2024-11-19,,Other
Super-vector coding,,2010-01-01,1000000,Vision
Support Vector Machines,,1995-09-01,60000,Vision
Swift,,2023-08-30,,Robotics
Swin Transformer V2 (SwinV2-G),,2021-11-18,,Multiple domains
Switch,,2021-01-11,576000000000,Language
Symmetric Residual Encoder-Decoder Net,,2016-03-30,,Multiple domains
System 11,,1996-06-18,9050,Vision
T-NLRv5 XXL,,2021-12-03,,Language
T0-XXL,,2021-10-15,,Language
T5-11B,,2019-10-23,200000000000,Language
T5-3B,,2019-10-23,25500000000,Language
TCAN (WT2),,2020-02-28,,Language
TCN (P-MNIST),,2018-02-15,,Language
TD(0),,1977-08-01,,Other
TD-Gammon,,1992-05-01,6300000,Games
TFE SVM,,2006-02-02,,Vision
TRPO,,2015-02-19,,Games
TSN,,2016-09-17,,Other
TaLK Convolution,,2020-02-08,103000000,Language
Table Tennis Agent,,2024-08-07,,Robotics
Tacotron 2,,2017-12-19,340000,Speech
Tagging via Viterbi Decoding,,2002-06-01,,Language
Tensor-Transformer(1core)+PN (WT103),,2020-03-17,103000000,Language
TensorReasoner,,2013-12-01,,Language
Tensorized Transformer (257M),,2019-06-24,103000000,Language
Textual Imager,,2013-01-16,,Vision
Theseus,,1950-07-02,40,Robotics
Theseus 6/768,,2020-02-07,,Language
Thumbs Up?,,2002-05-28,2053,Language
Time-delay neural networks,,1989-03-03,,Speech
TrOCR,,2021-09-21,721200000,Vision
Trajectory-pooled conv nets,,2015-05-19,,Other
TranceptEve,,2022-12-10,,Biology
Tranception,,2022-05-27,75000000001,Biology
TransE,,2013-12-05,17000000,Language
Transformer (2017),,2017-06-12,1866666666,Language
Transformer (Adaptive Input Embeddings) WT103,,2018-09-28,100000000,Language
Transformer + Simple Recurrent Unit,,2018-09-17,,Language
Transformer - LibriVox + Decoding/Rescoring,,2019-11-19,,Speech
Transformer ELMo,,2019-01-01,,Language
Transformer local-attention (NesT-B),,2021-05-26,1280000,Vision
Transformer-XL (257M),,2019-01-09,103000000,Language
Transformer-XL + RMS dynamic eval,,2019-04-17,,Language
Transformer-XL DeFINE (141M),,2019-11-27,103000000,Language
Transformer-XL Large + Phrase Induction,,2019-06-04,,Language
TransformerXL + spectrum control,,2020-03-11,103000000,Language
TrellisNet,,2018-10-15,103000000,Language
TriNet,,2017-11-21,,Other
Truck backer-upper,,1989-06-18,,Other
True-Regularization+Finetune+Dynamic-Eval,,2019-04-08,,Language
Turing-NLG,,2020-02-13,46400000000,Language
Two-stream ConvNets for action recognition,,2014-06-09,,Other
U-PaLM (540B),,2022-10-20,,Language
UDSMProt,,2019-09-04,,Biology
UL2,,2022-05-10,1000000000000,Language
ULM-FiT,,2018-01-18,103000000,Language
UnifiedQA,,2020-05-02,97309860,Language
Unsupervised High-level Feature Learner,,2012-07-12,10000000,Vision
Unsupervised Scale-Invariant Learning,,2003-06-18,3500,Vision
VALL-E,,2023-01-05,820800000,Multiple domains
VD-LSTM+REAL Large,,2016-11-04,929000,Language
VD-RHN,,2016-07-12,929000,Language
VGG16,,2014-09-04,1300000,Vision
VGG19,,2014-09-04,1300000,Vision
VILA1.5-13B,,2024-05-15,32430000000,Other
VQGAN + CLIP,,2020-12-17,,Image generation
"Variational (untied weights, MC) LSTM (Large)",,2015-12-16,929000,Language
Vector Space Model,,2011-06-19,75000,Language
Vega v2,,2022-12-04,,Language
Veo 2,,2024-12-16,,Multiple domains
Veo 3,,2025-05-21,,Multiple domains
ViT + DINO,,2021-04-29,,Vision
ViT-22B,,2023-02-10,4000000000,Vision
ViT-Base/32,,2020-10-22,,Vision
ViT-G (model soup),,2022-03-10,,Vision
ViT-G/14,,2021-06-08,3000000000,Vision
ViT-G/14 (LiT),,2021-11-15,4000000000,Vision
ViT-Huge/14,,2020-10-22,1280000,Vision
VideoMAE V2,,2023-03-29,,Other
Visualizing CNNs,,2013-11-12,,Vision
Volcano 13B,,2023-11-13,,Multiple domains
W2v-BERT,,2021-08-07,,Speech
WGAN-GP,,2017-03-31,,Image generation
Walking Minotaur robot,,2019-06-19,,Robotics
Wan 2.1 14B,,2025-02-25,,Multiple domains
WaveNet,,2016-09-12,,Speech
WeNet (Penn Treebank),,2019-04-08,,Language
Weight Decay,,1991-12-02,5000,Speech
Whisper,,2022-09-21,9302400000,Speech
Wide & Deep,,2016-06-24,,Other
Wide Residual Network,,2016-09-19,,Vision
Word Representations,,2010-06-01,37000000,Language
Word2Vec (large),,2013-10-16,33000000000,Language
Word2Vec (small),,2013-10-16,692000,Language
XGLM-7.5B,,2021-12-20,1740000000,Language
XLM,,2019-06-01,,Language
XLM-RoBERTa,,2019-11-05,125250000000,Language
XLMR-XXL,,2021-08-17,167000000000,Language
XLNet,,2019-06-01,,Language
Xception,,2016-10-07,350000000,Vision
YOLO,,2015-06-08,,Vision
YOLOX-X,,2021-08-06,2500000,Vision
YOLOv2,,2016-12-25,,Vision
YOLOv3,,2018-04-08,1281167,Vision
Yi-34B,,2023-11-02,3100000000000,Language
Yi-Large,,2024-05-13,3000000000000,Language
Yi-Lightning,,2024-10-18,,Language
YouTube Video Recommendation System,,2010-09-26,10000000000,Other
Youtube recommendation model,,2016-09-15,,Other
Yuan 1.0,,2021-10-12,1000000000000,Language
Zidong Taichu,,2021-08-11,41750000000,Multiple domains
Zoneout + Variational LSTM (WT2),,2016-09-26,2000000,Language
aLSTM(depth-2)+RecurrentPolicy (WT2),,2018-05-22,2000000,Language
base LM+GNN+kNN,,2021-10-17,,Language
data2vec (language),,2022-01-20,3300000000,Language
data2vec (speech),,2022-01-20,13132800,Speech
data2vec (vision),,2022-01-20,1281167,Vision
eDiff-I,,2022-11-02,1000000000,Image generation
fastText,,2016-07-06,,Language
genCNN + dyn eval,,2015-03-17,929000,Language
iGPT-L,,2020-06-17,1229920,Multiple domains
iGPT-XL,,2020-06-17,1229920,Multiple domains
k0-math,,2024-11-16,,Multiple domains
mPLUG-Owl2,,2023-11-07,400672000,Multiple domains
mT0-13B,,2022-11-03,20000000000,Language
mT5-XXL,,2020-10-20,1000000000000,Language
nekomata-14b,,2023-12-21,66000000000,Language
o1,,2024-12-05,,Multiple domains
o1-mini,,2024-09-12,,Language
o1-preview,,2024-09-12,,Multiple domains
o3,,2024-12-20,,Multiple domains
o3-mini,,2025-01-31,,Language
top-down frozen classifier,,2021-02-09,,Speech
wave2vec 2.0 LARGE,,2020-10-22,727776000,Speech
xTrimoPGLM -100B,,2023-07-06,,Biology
λ-WASP,,2007-06-01,792,Language